runtime,latitude,longitude,gps_fix,satellites,altitude,relative_altitude,groundspeed,roll,pitch,yaw,armed,flight_mode,battery_voltage,battery_current,battery_remaining,rc_channel_15,radar_state,radar_capturing,radar_capture_count,radar_last_capture_time,radar_file
0.30329125399975965,0.0,0.0,0,0,0.0,0.0,0.0,0.0,0.0,0.0,False,,0.0,0.0,-1,0,INITIALISING,False,0,,/home/axel/SDR-data/initialise_radar_capture
1.3036596899996766,-34.91836,138.6054896,3,32,39.54,5.827,0.01,-0.01972687616944313,0.005224872846156359,-0.6433032751083374,False,Mode(0x00000004),24.732,0.9,97,982,INITIALISING,False,0,,/home/axel/SDR-data/initialise_radar_capture
2.3058510850000857,-34.9183607,138.6054903,3,32,39.54,5.826,0.022360679774997897,-0.019756954163312912,0.005357143469154835,-0.6433359384536743,False,Mode(0x00000004),24.737,0.67,97,982,INITIALISING,False,0,,/home/axel/SDR-data/initialise_radar_capture
3.3074369070000103,-34.9183615,138.605491,3,32,39.53,5.819,0.022360679774997897,-0.019780762493610382,0.005583096761256456,-0.643383800983429,False,Mode(0x00000004),24.747,0.67,97,982,INITIALISING,False,0,,/home/axel/SDR-data/initialise_radar_capture
4.308909728999879,-34.9183621,138.6054915,3,32,39.54,5.822,0.04242640687119285,-0.016078056767582893,0.009051931090652943,-0.643890917301178,False,Mode(0x00000004),24.743,0.66,97,982,INITIALISING,False,0,,/home/axel/SDR-data/initialise_radar_capture
5.31035086699967,-34.9183627,138.6054921,3,32,39.54,5.827,0.14422205101855956,-0.007675992324948311,0.08394522964954376,-0.6449354290962219,False,Mode(0x00000004),24.745,0.66,97,982,INITIALISING,False,0,,/home/axel/SDR-data/initialise_radar_capture
6.311895262999769,-34.9183647,138.6054938,3,32,39.56,5.847,0.3522782990761707,0.0008607646450400352,0.5102302432060242,-0.6360725164413452,False,Mode(0x00000004),24.751,0.65,97,982,IDLE,False,0,,
7.313389974000074,-34.9183664,138.6054956,3,32,39.57,5.855,0.044721359549995794,0.006763380020856857,0.8083888292312622,-0.6367387175559998,False,Mode(0x00000004),24.75,0.65,97,982,IDLE,False,0,,
8.314791499999956,-34.9183668,138.6054962,3,28,39.59,5.876,0.03605551275463989,0.009459394961595535,0.8530558943748474,-0.6475571990013123,False,Mode(0x00000004),24.741,0.66,97,982,IDLE,False,0,,
9.316077470999971,-34.918367,138.6054961,3,31,39.63,5.913,0.0316227766016838,0.009057139977812767,0.8578270077705383,-0.6556947231292725,False,Mode(0x00000004),24.745,0.65,97,982,IDLE,False,0,,
10.317375201999766,-34.9183669,138.6054962,3,32,39.67,5.956,0.03,0.009107310324907303,0.8633497357368469,-0.6622418761253357,False,Mode(0x00000004),24.75,0.87,97,982,IDLE,False,0,,
11.318713023999862,-34.9183665,138.6054958,3,31,39.72,6.006,0.03,0.009381173178553581,0.8674299716949463,-0.6683673858642578,False,Mode(0x00000004),24.753,0.66,97,982,IDLE,False,0,,
12.320255347000057,-34.9183663,138.6054957,3,28,39.76,6.047,0.03,0.008586345240473747,0.8750588893890381,-0.6753413081169128,False,Mode(0x00000004),24.745,0.89,97,982,IDLE,False,0,,
13.32168531699972,-34.9183662,138.6054955,3,26,39.77,6.055,0.05099019513592785,0.008220197632908821,0.8765705823898315,-0.6806265711784363,False,Mode(0x00000004),24.752,0.64,97,982,IDLE,False,0,,
14.323137694999787,-34.918366,138.6054956,3,27,39.74,6.026,0.0412310562561766,0.008390961214900017,0.8861365914344788,-0.6849007606506348,False,Mode(0x00000004),24.733,1.1,97,982,IDLE,False,0,,
15.324621999000101,-34.918366,138.6054958,3,32,39.74,6.021,0.03605551275463989,0.00810302048921585,0.889793336391449,-0.6899170279502869,False,Mode(0x00000004),24.739,0.66,97,982,IDLE,False,0,,
16.325966784999764,-34.9183652,138.6054953,3,26,39.69,5.975,0.0412310562561766,0.008314888924360275,0.8897041082382202,-0.6938663721084595,False,Mode(0x00000004),24.742,0.74,97,982,IDLE,False,0,,
17.32724647799978,-34.918365,138.6054955,3,31,39.7,5.982,0.0282842712474619,0.008555551990866661,0.8917694687843323,-0.696931004524231,False,Mode(0x00000004),24.755,0.67,97,982,IDLE,False,0,,
18.3285099310001,-34.9183643,138.6054954,3,27,48.09,-0.856,0.0282842712474619,0.009040014818310738,0.899172842502594,-0.7013103365898132,False,Mode(0x00000004),24.744,0.64,97,982,IDLE,False,0,,
19.329782253999838,-34.9183642,138.6054953,3,26,48.02,-1.068,0.0282842712474619,0.008972784504294395,0.9006080627441406,-0.7058041095733643,False,Mode(0x00000004),24.735,0.65,97,982,IDLE,False,0,,
20.33113005799987,-34.9183641,138.6054956,3,27,47.99,-1.015,0.0282842712474619,0.008783530443906784,0.9004674553871155,-0.710050106048584,False,Mode(0x00000004),24.738,0.62,97,982,IDLE,False,0,,
21.332483379999758,-34.9183642,138.6054957,3,27,47.97,-1.405,0.0282842712474619,0.008994707837700844,0.8997622132301331,-0.7139903903007507,False,Mode(0x00000004),24.749,0.67,97,982,IDLE,False,0,,
22.33386985099969,-34.9183634,138.6054953,3,32,48.07,-0.935,0.0282842712474619,0.00939290039241314,0.9043170213699341,-0.7180956602096558,False,Mode(0x00000004),24.746,0.65,97,982,IDLE,False,0,,
23.33562730199992,-34.9183631,138.6054953,3,32,48.15,-1.193,0.022360679774997897,0.009511442855000496,0.8973467350006104,-0.7218996286392212,False,Mode(0x00000004),24.742,0.75,97,982,IDLE,False,0,,
24.337139383999784,-34.9183625,138.6054951,3,32,48.18,-1.153,0.02,0.009832724928855896,0.8954914212226868,-0.7249786853790283,False,Mode(0x00000004),24.745,0.67,97,982,IDLE,False,0,,
25.338518224999916,-34.9183619,138.6054948,3,32,48.22,-1.102,0.02,0.01030522771179676,0.9001151323318481,-0.7279404401779175,False,Mode(0x00000004),24.736,0.93,97,982,IDLE,False,0,,
26.339966917999845,-34.9183615,138.6054947,3,32,48.26,-0.984,0.03,0.010501490905880928,0.897667407989502,-0.731147289276123,False,Mode(0x00000004),24.748,0.67,97,982,IDLE,False,0,,
27.34128848199998,-34.9183611,138.6054947,3,32,48.26,-0.896,0.01,0.010710753500461578,0.8970552086830139,-0.734262228012085,False,Mode(0x00000004),24.743,1.13,97,982,IDLE,False,0,,
28.342573119000008,-34.9183609,138.6054946,3,32,48.3,-1.283,0.022360679774997897,0.010018980130553246,0.8930452466011047,-0.7384897470474243,False,Mode(0x00000004),24.745,0.66,97,982,IDLE,False,0,,
29.34381496099968,-34.9183606,138.6054946,3,32,48.36,-1.08,0.01414213562373095,0.01020168885588646,0.892297089099884,-0.7414527535438538,False,Mode(0x00000004),24.758,0.79,97,982,IDLE,False,0,,
30.345052875999954,-34.9183604,138.6054947,3,31,48.43,-1.173,0.053851648071345036,0.008728278800845146,0.8202832937240601,-0.7471452355384827,False,Mode(0x00000004),24.729,0.63,97,982,IDLE,False,0,,
31.346409143000074,-34.9183602,138.6054948,3,31,40.47,6.756,0.03,0.006698045879602432,0.6911545991897583,-0.7549276947975159,False,Mode(0x00000004),24.739,0.65,97,982,IDLE,False,0,,
32.347801076999986,-34.9183609,138.6054952,3,26,40.66,6.949,0.04,0.004607530310750008,0.6336163878440857,-0.7606620788574219,False,Mode(0x00000004),24.752,0.65,97,982,IDLE,False,0,,
33.349290195999856,-34.9183614,138.6054959,3,27,40.67,6.957,0.053851648071345036,0.004540696740150452,0.619128942489624,-0.7630967497825623,False,Mode(0x00000004),24.757,0.67,97,982,IDLE,False,0,,
34.350799813999856,-34.9183618,138.6054964,3,27,40.67,6.957,0.04242640687119285,0.005472548305988312,0.6148727536201477,-0.765032947063446,False,Mode(0x00000004),24.746,0.64,97,982,IDLE,False,0,,
35.352299543999834,-34.918362,138.6054967,3,28,40.68,6.963,0.03605551275463989,0.0057029686868190765,0.6109642386436462,-0.7675615549087524,False,Mode(0x00000004),24.74,0.62,97,982,IDLE,False,0,,
36.35387192200005,-34.9183624,138.605497,3,27,40.69,6.97,0.03605551275463989,0.005205484107136726,0.602114737033844,-0.7710466980934143,False,Mode(0x00000004),24.747,0.68,97,982,IDLE,False,0,,
37.355175745,-34.9183627,138.6054972,3,27,40.68,6.965,0.01,0.003649204969406128,0.5578575134277344,-0.7724223136901855,False,Mode(0x00000004),24.75,0.67,97,982,IDLE,False,0,,
38.35643971599984,-34.918363,138.6054976,3,26,40.67,6.955,0.0316227766016838,0.0036433041095733643,0.5747897624969482,-0.773688018321991,False,Mode(0x00000004),24.744,0.98,97,982,IDLE,False,0,,
39.35791416799975,-34.9183629,138.605498,3,27,40.67,6.955,0.02,0.003894336521625519,0.5902383327484131,-0.776542603969574,False,Mode(0x00000004),24.74,0.63,97,982,IDLE,False,0,,
40.359206749999885,-34.9183634,138.6054985,3,25,40.67,6.955,0.01,0.005436159670352936,0.6076747179031372,-0.7786282300949097,False,Mode(0x00000004),24.721,1.11,97,982,IDLE,False,0,,
41.36054403599974,-34.9183638,138.6054991,3,26,40.67,6.956,0.0316227766016838,0.006340758875012398,0.6448606848716736,-0.7803728580474854,False,Mode(0x00000004),24.754,0.66,97,982,IDLE,False,0,,
42.361811654999656,-34.9183642,138.6054997,3,26,40.67,6.958,0.0,0.003905816003680229,0.6651438474655151,-0.7836440205574036,False,Mode(0x00000004),24.736,0.79,97,982,IDLE,False,0,,
43.36305268099977,-34.9183648,138.6055003,3,26,40.67,6.953,0.09899494936611665,0.008034847676753998,0.7522173523902893,-0.7870134711265564,False,Mode(0x00000004),24.744,0.65,97,982,IDLE,False,0,,
44.36455398499993,-34.9183659,138.6055015,3,27,40.63,6.919,0.03,0.010154979303479195,0.9119711518287659,-0.7898750305175781,False,Mode(0x00000004),24.743,0.67,97,982,IDLE,False,0,,
45.365995010999995,-34.9183659,138.6055017,3,27,40.66,6.947,0.0412310562561766,0.008645109832286835,0.8783627152442932,-0.7931626439094543,False,Mode(0x00000004),24.746,0.67,96,982,IDLE,False,0,,
46.36748407499999,-34.9183661,138.6055016,3,26,40.68,6.964,0.022360679774997897,0.008881831541657448,0.9014875888824463,-0.7980767488479614,False,Mode(0x00000004),24.736,0.66,96,982,IDLE,False,0,,
47.36894313799985,-34.9183662,138.6055019,3,26,40.71,6.998,0.03,0.009932098910212517,0.9037816524505615,-0.8010162115097046,False,Mode(0x00000004),24.734,0.63,96,982,IDLE,False,0,,
48.370329886000036,-34.918366,138.6055019,3,26,40.75,7.038,0.01,0.009827811270952225,0.906571090221405,-0.8045932650566101,False,Mode(0x00000004),24.75,0.66,96,982,IDLE,False,0,,
49.371609746000104,-34.9183662,138.6055023,3,25,40.77,7.059,0.02,0.00957232341170311,0.9119691848754883,-0.8079817891120911,False,Mode(0x00000004),24.741,0.67,96,982,IDLE,False,0,,
50.37285453200002,-34.9183662,138.6055022,3,32,40.77,7.053,0.03,0.00906425341963768,0.916153609752655,-0.8115383982658386,False,Mode(0x00000004),24.753,0.67,96,982,IDLE,False,0,,
51.3741471139997,-34.9183657,138.6055018,3,31,40.79,7.076,0.022360679774997897,0.00945345126092434,0.9184558391571045,-0.8142458200454712,False,Mode(0x00000004),24.736,0.93,96,982,IDLE,False,0,,
52.37550010399991,-34.9183654,138.6055016,3,31,40.77,7.051,0.022360679774997897,0.009469257667660713,0.9243804216384888,-0.8169301748275757,False,Mode(0x00000004),24.747,0.66,96,982,IDLE,False,0,,
53.37678705600001,-34.9183646,138.6055013,3,32,40.75,7.035,0.01414213562373095,0.00985778495669365,0.9271633625030518,-0.8194106221199036,False,Mode(0x00000004),24.733,0.99,96,2006,FLUSHING,False,0,,
54.37842917399985,-34.9183638,138.6055007,3,32,48.16,-1.212,0.02,0.010007256641983986,0.9327058792114258,-0.8228719234466553,False,Mode(0x00000004),24.74,0.63,96,2006,SETTLING,False,0,,
55.37989719999996,-34.9183623,138.6054998,3,32,48.31,-1.224,0.02,0.010443104431033134,0.9330061078071594,-0.8253601789474487,False,Mode(0x00000004),24.733,0.91,96,2006,CAPTURING,True,1,55.37989719999996,/home/axel/SDR-data/1_time_55_37989719999996
56.382320316999994,-34.9183622,138.6054998,3,31,48.28,-1.037,0.02,0.010457126423716545,0.9367696642875671,-0.8281802535057068,False,Mode(0x00000004),24.731,0.65,96,2006,CAPTURING,True,1,55.37989719999996,/home/axel/SDR-data/1_time_55_37989719999996
57.383877045999725,-34.918362,138.6054996,3,32,48.33,-1.275,0.02,0.010612612590193748,0.9355151653289795,-0.830574631690979,False,Mode(0x00000004),24.734,0.66,96,2006,CAPTURING,True,1,55.37989719999996,/home/axel/SDR-data/1_time_55_37989719999996
58.385410202,-34.9183613,138.6054991,3,32,48.4,-1.099,0.02,0.010862123221158981,0.9377142786979675,-0.8328797221183777,False,Mode(0x00000004),24.74,0.68,96,2006,CAPTURING,True,1,55.37989719999996,/home/axel/SDR-data/1_time_55_37989719999996
59.386890931999915,-34.9183603,138.6054984,3,32,48.48,-1.133,0.022360679774997897,0.010931422933936119,0.9398877024650574,-0.8347445130348206,False,Mode(0x00000004),24.742,0.66,96,2006,CAPTURING,True,1,55.37989719999996,/home/axel/SDR-data/1_time_55_37989719999996
60.38841208699978,-34.9183598,138.6054983,3,32,48.53,-1.006,0.01,0.010838642716407776,0.9434170126914978,-0.8377551436424255,False,Mode(0x00000004),24.739,0.66,96,2006,CAPTURING,True,1,55.37989719999996,/home/axel/SDR-data/1_time_55_37989719999996
61.390064019999954,-34.9183598,138.6054982,3,31,48.53,-1.241,0.01414213562373095,0.010030459612607956,0.9449999928474426,-0.8410066962242126,False,Mode(0x00000004),24.749,0.66,96,2006,COOLDOWN,False,1,55.37989719999996,
62.391660471999785,-34.9183595,138.605498,3,31,48.52,-0.964,0.022360679774997897,0.010115129873156548,0.9495173096656799,-0.8435092568397522,False,Mode(0x00000004),24.738,0.67,96,2006,IDLE,False,1,55.37989719999996,
63.39305323899998,-34.9183593,138.6054976,3,32,48.52,-0.887,0.022360679774997897,0.009927568957209587,0.9493482708930969,-0.8459984660148621,False,Mode(0x00000004),24.735,0.69,96,2006,IDLE,False,1,55.37989719999996,
64.39443598799971,-34.9183591,138.6054975,3,27,48.51,-1.294,0.022360679774997897,0.010192975401878357,0.9515308737754822,-0.8483385443687439,False,Mode(0x00000004),24.728,0.85,96,2006,IDLE,False,1,55.37989719999996,
65.39601027299977,-34.9183592,138.6054973,3,27,48.46,-0.961,0.01414213562373095,0.008408376947045326,0.9474762082099915,-0.8517163991928101,False,Mode(0x00000004),24.736,0.67,96,2006,IDLE,False,1,55.37989719999996,
66.39751422499967,-34.9183593,138.6054971,3,27,48.45,-1.051,0.32202484376209234,0.010758699849247932,0.9826382994651794,-0.8613949418067932,False,Mode(0x00000004),24.73,0.88,96,2006,IDLE,False,1,55.37989719999996,
67.39898880600003,-34.9183579,138.6054961,3,27,48.38,-0.893,0.524785670536077,0.013346539810299873,0.9762614369392395,-0.8368743062019348,False,Mode(0x00000004),24.746,0.66,96,2006,IDLE,False,1,55.37989719999996,
68.40047520300004,-34.9183548,138.6054933,3,28,48.21,-1.04,0.7621679604916491,0.010501429438591003,0.978324294090271,-0.7920914888381958,False,Mode(0x00000004),24.737,1.03,96,2006,IDLE,False,1,55.37989719999996,
69.40175243299973,-34.9183497,138.6054906,3,25,48.0,-1.043,0.8595929269136642,0.018467731773853302,0.9692818522453308,-0.8554998636245728,False,Mode(0x00000004),24.754,0.67,96,2006,IDLE,False,1,55.37989719999996,
70.40300340399972,-34.9183437,138.6054878,3,27,47.93,-1.043,0.6664833081180653,0.02118862420320511,0.9888858795166016,-0.8505418300628662,False,Mode(0x00000004),24.745,0.73,96,2006,IDLE,False,1,55.37989719999996,
71.40430383800003,-34.918338,138.6054841,3,26,47.76,-1.043,0.5661271941887265,0.01942979171872139,0.976862370967865,-0.8386767506599426,False,Mode(0x00000004),24.744,0.67,96,2006,IDLE,False,1,55.37989719999996,
72.40560236400006,-34.9183373,138.6054868,3,26,46.68,-1.068,0.4535416188179427,0.017211835831403732,1.0018012523651123,-0.9091470241546631,False,Mode(0x00000004),24.744,0.67,96,2006,IDLE,False,1,55.37989719999996,
73.40693063199978,-34.9183345,138.6054849,3,29,46.59,-1.455,0.2692582403567252,0.009671175852417946,1.0142674446105957,-0.868294894695282,False,Mode(0x00000004),24.745,0.64,96,2006,IDLE,False,1,55.37989719999996,
74.40830982499983,-34.9183325,138.6054847,3,32,46.71,-1.006,0.25059928172283336,-0.00022874772548675537,0.9945942163467407,-0.9580539464950562,False,Mode(0x00000004),24.741,0.66,96,2006,IDLE,False,1,55.37989719999996,
75.40989386899992,-34.9183304,138.6054838,3,31,46.8,-1.212,0.261725046566048,-0.004975327290594578,0.992891252040863,-0.9675467610359192,False,Mode(0x00000004),24.74,0.67,96,2006,IDLE,False,1,55.37989719999996,
76.41141132099983,-34.918326,138.605481,3,32,47.94,-1.139,0.13,-0.0021197153255343437,0.995434582233429,-0.9273669719696045,False,Mode(0x00000004),24.738,0.64,96,2006,IDLE,False,1,55.37989719999996,
77.41294527299988,-34.9183164,138.6054745,3,31,48.68,-1.625,0.022360679774997897,-0.0015557287260890007,1.010305643081665,-0.9239590764045715,False,Mode(0x00000004),24.744,0.76,96,982,IDLE,False,1,55.37989719999996,
78.41411468899969,-34.9183142,138.6054728,3,31,48.82,-1.212,0.0854400374531753,-0.0016016727313399315,1.0181177854537964,-0.9236864447593689,False,Mode(0x00000004),24.727,0.65,96,2006,FLUSHING,False,1,55.37989719999996,
79.41546158499978,-34.9183126,138.6054718,3,31,48.78,-1.187,0.10770329614269007,-0.0007585901767015457,1.022485613822937,-0.9218754172325134,False,Mode(0x00000004),24.758,0.88,96,2006,SETTLING,False,1,55.37989719999996,
80.41679616700003,-34.9183107,138.6054702,3,31,48.75,-1.181,0.1118033988749895,0.000271577388048172,1.0258201360702515,-0.9196361303329468,False,Mode(0x00000004),24.742,0.67,96,2006,CAPTURING,True,2,80.41679616700003,/home/axel/SDR-data/2_time_80_41679616700003
81.41893097000002,-34.9183096,138.6054696,3,30,48.74,-1.249,0.10295630140987001,0.0009832996875047684,1.0282573699951172,-0.91722571849823,False,Mode(0x00000004),24.722,1.13,96,2006,CAPTURING,True,2,80.41679616700003,/home/axel/SDR-data/2_time_80_41679616700003
82.42049329199972,-34.9183093,138.6054697,3,30,48.54,-1.297,0.07615773105863909,0.0010665841400623322,1.0290712118148804,-0.9157524108886719,False,Mode(0x00000004),24.741,0.66,96,2006,CAPTURING,True,2,80.41679616700003,/home/axel/SDR-data/2_time_80_41679616700003
83.42204911399995,-34.9183094,138.6054702,3,30,48.36,-0.927,0.04,0.0012214109301567078,1.0306462049484253,-0.9141005873680115,False,Mode(0x00000004),24.727,0.75,96,2006,CAPTURING,True,2,80.41679616700003,/home/axel/SDR-data/2_time_80_41679616700003
84.423524714,-34.9183089,138.6054705,3,30,48.21,-1.034,0.022360679774997897,0.0027591176331043243,1.0321266651153564,-0.912026047706604,False,Mode(0x00000004),24.736,0.64,96,2006,CAPTURING,True,2,80.41679616700003,/home/axel/SDR-data/2_time_80_41679616700003
85.42527320199997,-34.9183084,138.6054706,3,31,48.02,-1.204,0.02,0.0021788757294416428,1.0314874649047852,-0.9109876751899719,False,Mode(0x00000004),24.722,0.61,96,2006,CAPTURING,True,2,80.41679616700003,/home/axel/SDR-data/2_time_80_41679616700003
86.42682537599967,-34.918308,138.6054707,3,30,47.91,-0.933,0.022360679774997897,0.003434954211115837,1.030130386352539,-0.909270167350769,False,Mode(0x00000004),24.736,0.66,96,2006,COOLDOWN,False,2,80.41679616700003,
87.42842473499968,-34.918307,138.6054702,3,32,47.9,-1.184,0.01,0.003677826374769211,1.0322575569152832,-0.907581627368927,False,Mode(0x00000004),24.741,0.66,96,2006,IDLE,False,2,80.41679616700003,
88.42998278000005,-34.9183062,138.60547,3,30,47.83,-1.009,0.0,0.00402463786303997,1.0405802726745605,-0.9059016704559326,False,Mode(0x00000004),24.735,0.65,96,2006,IDLE,False,2,80.41679616700003,
89.4314569359999,-34.9183059,138.6054701,3,31,47.72,-1.125,0.18027756377319945,0.004045957699418068,1.0544794797897339,-0.8976173996925354,False,Mode(0x00000004),24.74,0.67,96,2006,IDLE,False,2,80.41679616700003,
90.43278164699996,-34.9183053,138.6054699,3,30,47.62,-1.026,0.4827007354458868,0.007528822869062424,1.065680980682373,-0.8439499735832214,False,Mode(0x00000004),24.746,0.68,96,982,IDLE,False,2,80.41679616700003,
91.43412002600007,-34.9183058,138.6054697,3,32,47.49,-0.896,0.36124783736376886,0.030141741037368774,1.0993328094482422,-0.7753726840019226,False,Mode(0x00000004),24.748,0.65,96,982,IDLE,False,2,80.41679616700003,
92.43553255200004,-34.918305,138.6054682,3,30,47.68,-1.136,0.25942243542145693,0.005479762330651283,1.0622668266296387,-0.8075693249702454,False,Mode(0x00000004),24.747,0.95,96,982,IDLE,False,2,80.41679616700003,
93.43682085599994,-34.9183032,138.6054654,3,30,47.54,-1.054,0.4936598018878993,-0.009057978168129921,1.0773301124572754,-0.9102685451507568,False,Mode(0x00000004),24.746,0.64,96,982,IDLE,False,2,80.41679616700003,
94.43832730799977,-34.9183054,138.6054651,3,29,47.34,-0.955,0.7725283166331187,-0.00573673564940691,1.0930352210998535,-0.967492938041687,False,Mode(0x00000004),24.732,1.13,96,982,IDLE,False,2,80.41679616700003,
95.43972574200006,-34.918305,138.6054646,3,30,47.47,-1.176,0.8193289937503738,0.004348939284682274,1.0602660179138184,-0.8766025304794312,False,Mode(0x00000004),24.729,0.64,96,982,IDLE,False,2,80.41679616700003,
96.44121074899977,-34.9183059,138.6054635,3,30,47.17,-0.941,0.6983552104767315,0.015784449875354767,1.117769479751587,-0.9177843928337097,False,Mode(0x00000004),24.741,0.8,96,982,IDLE,False,2,80.41679616700003,
97.44266249799966,-34.9183068,138.6054643,3,28,46.57,-1.015,0.7605918747922567,0.016036102548241615,1.0856415033340454,-0.866510808467865,False,Mode(0x00000004),24.737,0.62,96,982,IDLE,False,2,80.41679616700003,
98.44413226500001,-34.9183044,138.6054699,3,29,45.57,-0.947,0.27586228448267447,0.02223263680934906,1.0669431686401367,-0.8629007339477539,False,Mode(0x00000004),24.729,0.64,96,982,IDLE,False,2,80.41679616700003,
99.44558332799988,-34.918298,138.6054711,3,29,44.78,-1.074,0.0412310562561766,0.022934742271900177,1.0590050220489502,-0.8620410561561584,False,Mode(0x00000004),24.735,0.65,96,2006,FLUSHING,False,2,80.41679616700003,
100.44707550199973,-34.9182952,138.6054709,3,29,44.68,-1.04,0.17,0.023221082985401154,1.0582549571990967,-0.8608093857765198,False,Mode(0x00000004),24.739,0.64,96,2006,SETTLING,False,2,80.41679616700003,
101.44866456499994,-34.9182928,138.6054717,3,30,43.84,-1.085,0.2109502310972899,0.019041676074266434,1.0210975408554077,-0.86345374584198,False,Mode(0x00000004),24.746,0.67,96,2006,CAPTURING,True,3,101.44866456499994,/home/axel/SDR-data/3_time_101_44866456499994
102.45085758899995,-34.9182912,138.6054724,3,30,43.6,-1.122,0.23853720883753127,0.01849694550037384,1.025822639465332,-0.8635429739952087,False,Mode(0x00000004),24.736,0.65,96,2006,CAPTURING,True,3,101.44866456499994,/home/axel/SDR-data/3_time_101_44866456499994
103.45241855899985,-34.9182902,138.6054726,3,32,43.37,-0.777,0.20248456731316586,0.017279010266065598,1.0345884561538696,-0.8640113472938538,False,Mode(0x00000004),24.735,0.66,96,2006,CAPTURING,True,3,101.44866456499994,/home/axel/SDR-data/3_time_101_44866456499994
104.45395949299973,-34.9182898,138.6054727,3,30,43.19,-0.935,0.1664331697709324,0.016511861234903336,1.0422468185424805,-0.8643680214881897,False,Mode(0x00000004),24.728,0.62,96,2006,CAPTURING,True,3,101.44866456499994,/home/axel/SDR-data/3_time_101_44866456499994
105.45551942599968,-34.9182882,138.6054725,3,30,42.9,-1.229,0.13,0.017160136252641678,1.04567289352417,-0.8631212711334229,False,Mode(0x00000004),24.738,0.95,96,2006,CAPTURING,True,3,101.44866456499994,/home/axel/SDR-data/3_time_101_44866456499994
106.4571263959997,-34.9182873,138.6054727,3,30,42.66,-0.944,0.10770329614269007,0.01622266322374344,1.048742413520813,-0.8632822632789612,False,Mode(0x00000004),24.743,0.65,96,2006,CAPTURING,True,3,101.44866456499994,/home/axel/SDR-data/3_time_101_44866456499994
107.45869843999981,-34.9182867,138.605473,3,28,42.41,-1.015,0.0854400374531753,0.015992583706974983,1.0527466535568237,-0.863004207611084,False,Mode(0x00000004),24.731,0.98,96,2006,COOLDOWN,False,3,101.44866456499994,
108.46023161499988,-34.9182859,138.6054728,3,30,42.25,-0.952,0.07615773105863909,0.015637587755918503,1.054880142211914,-0.8626918196678162,False,Mode(0x00000004),24.734,0.65,96,2006,IDLE,False,3,101.44866456499994,
109.46168571499993,-34.9182849,138.6054723,3,29,42.03,-1.071,0.05830951894845301,0.01485883817076683,1.055277943611145,-0.8628794550895691,False,Mode(0x00000004),24.734,0.93,96,982,IDLE,False,3,101.44866456499994,
110.4631614079999,-34.9182843,138.6054721,3,29,41.87,-0.769,0.1,0.011630568653345108,1.0402257442474365,-0.8646961450576782,False,Mode(0x00000004),24.734,0.66,96,982,IDLE,False,3,101.44866456499994,
111.46451339699979,-34.9182834,138.6054716,3,30,41.86,-0.879,0.24413111231467405,0.0032105278223752975,0.7340143918991089,-0.8668103218078613,False,Mode(0x00000004),24.742,0.67,96,982,IDLE,False,3,101.44866456499994,
112.46579349800004,-34.9182822,138.6054692,3,31,41.61,7.898,0.15264337522473748,-0.003251912072300911,0.42490342259407043,-0.8597874641418457,False,Mode(0x00000004),24.742,0.66,96,982,IDLE,False,3,101.44866456499994,
113.46709320899981,-34.9182816,138.6054646,3,30,41.64,7.922,0.0670820393249937,-0.012572402134537697,0.02161431685090065,-0.741895318031311,False,Mode(0x00000004),24.742,0.66,96,982,IDLE,False,3,101.44866456499994,
114.46838955099975,-34.9182814,138.6054651,3,31,41.61,7.893,0.0670820393249937,-0.014657808467745781,0.01621626317501068,-0.733686089515686,False,Mode(0x00000004),24.742,0.64,96,982,IDLE,False,3,101.44866456499994,
115.4697001139998,-34.9182815,138.6054656,3,32,41.57,7.853,0.04,-0.015052944421768188,0.015253573656082153,-0.7236154675483704,False,Mode(0x00000004),24.74,0.68,96,982,IDLE,False,3,101.44866456499994,
116.47126639899989,-34.9182825,138.6054663,3,32,41.54,7.826,0.2823118842698621,-0.011698680929839611,0.013310668058693409,-0.3531187176704407,False,Mode(0x00000004),24.743,0.67,96,982,IDLE,False,3,101.44866456499994,
117.47274474000005,-34.9182843,138.6054688,3,30,41.53,7.818,0.3178049716414141,-0.005918266251683235,0.02212214469909668,0.1145462766289711,False,Mode(0x00000004),24.732,0.64,96,982,IDLE,False,3,101.44866456499994,
118.47415202599996,-34.9182853,138.6054716,3,31,41.54,7.824,0.4079215610874228,-0.00560563150793314,0.019547753036022186,0.22237543761730194,False,Mode(0x00000004),24.722,0.88,96,982,IDLE,False,3,101.44866456499994,
119.475564459,-34.9182866,138.6054741,3,32,41.54,7.828,0.14866068747318506,-0.0031554866582155228,0.015402060002088547,0.1955908089876175,False,Mode(0x00000004),24.72,0.61,96,982,IDLE,False,3,101.44866456499994,
120.47706770800005,-34.9182879,138.6054749,3,31,41.54,7.82,0.08,-0.00331204105168581,0.013128668069839478,0.21884571015834808,False,Mode(0x00000004),24.733,0.89,96,982,IDLE,False,3,101.44866456499994,
121.47857443699968,-34.9182861,138.6054744,3,32,41.52,7.802,0.08,-0.002091924659907818,0.013301478698849678,0.21932901442050934,False,Mode(0x00000004),24.736,0.65,96,982,IDLE,False,3,101.44866456499994,
122.47986879699965,-34.9182843,138.6054741,3,31,41.5,7.783,0.06,-0.002005244605243206,0.013693985529243946,0.2206018716096878,False,Mode(0x00000004),24.731,1.03,96,982,IDLE,False,3,101.44866456499994,
123.48121263899975,-34.9182833,138.6054743,3,31,41.5,7.782,0.05,-0.0006460603326559067,0.012530483305454254,0.22181633114814758,False,Mode(0x00000004),24.737,0.65,96,982,IDLE,False,3,101.44866456499994,
124.48252175800008,-34.9182815,138.6054735,3,31,41.5,7.786,0.04242640687119285,-0.0004365900531411171,0.012605898082256317,0.22354698181152344,False,Mode(0x00000004),24.736,0.72,96,982,IDLE,False,3,101.44866456499994,
125.48379120999971,-34.9182797,138.6054728,3,31,41.5,7.788,0.053851648071345036,-0.00029532425105571747,0.012681115418672562,0.22552348673343658,False,Mode(0x00000004),24.737,0.66,96,982,IDLE,False,3,101.44866456499994,
